{
  "RidgeCV": {
    "r2": 0.38306845724836924,
    "mae": 0.6538520920261495,
    "rmse": 0.8767477279251515
  },
  "RandomForest": {
    "r2": 0.5106812099999221,
    "mae": 0.5553399190476195,
    "rmse": 0.7808221197038115
  }
}