{
  "RidgeCV": {
    "r2": 0.44970840078471563,
    "mae": 0.6097962705071375,
    "rmse": 0.8280424520138454,
    "cv_r2": 0.4474430709761483
  },
  "RandomForest": {
    "r2": 0.5847972243358357,
    "mae": 0.5144680000000003,
    "rmse": 0.7192606238353384,
    "cv_r2": 0.5495696495886353
  },
  "HistGB_Tuned": {
    "r2": 0.6132372288135787,
    "mae": 0.4902759716445138,
    "rmse": 0.6941902232970484,
    "cv_r2": 0.5798696285128384
  }
}